user_id,course_id,timeToFinish
477,19,0
110,251,0
474,149,0
474,140,0
474,167,0
30,213,0
292,120,0
474,164,0
474,117,0
474,142,0
243,252,0
291,173,0
291,158,0
474,116,0
291,177,0
178,102,0
474,211,0
176,162,0
474,165,0
291,98,0
79,135,0
178,126,0
178,170,0
291,153,0
137,128,0
137,85,0
437,206,0
291,266,0
291,209,0
291,108,0
428,98,0
178,97,0
291,130,0
178,101,0
243,147,0
243,112,0
243,70,0
471,128,0
178,99,0
231,251,0
471,234,0
137,169,0
243,18,0
79,16,0
243,39,0
291,112,0
291,182,0
156,55,0
243,238,0
243,28,0
291,78,0
220,62,0
243,27,0
390,60,0
220,34,0
243,42,0
366,186,0
170,60,0
477,62,0
243,129,0
314,119,0
79,24,0
243,92,0
4,176,0
390,68,0
178,94,0
243,78,0
372,60,0
78,78,0
102,62,0
112,57,0
243,135,0
292,57,0
159,55,0
440,135,0
176,60,0
192,158,0
102,34,0
178,60,0
349,129,0
447,182,0
102,24,0
257,50,0
137,68,0
474,151,0
314,18,0
280,119,0
292,55,0
348,150,0
86,78,0
166,55,0
79,59,0
124,170,0
349,160,0
308,50,0
390,58,0
257,54,0
416,60,0
5,135,0
204,62,0
483,55,0
483,23,0
389,170,0
9,50,0
229,97,0
137,57,0
75,18,0
181,219,0
168,135,0
348,209,0
47,170,0
409,170,0
437,176,0
409,176,0
348,97,0
500,72,0
477,34,0
349,133,0
237,38,0
243,88,0
108,228,0
243,60,0
404,34,0
447,31,0
265,6,0
78,88,0
408,60,0
137,24,0
404,142,0
276,59,0
304,50,0
456,192,0
328,24,0
467,55,0
206,28,0
474,163,0
327,55,0
329,235,0
360,31,0
100,209,0
137,5,0
292,58,0
437,152,0
54,19,0
124,135,0
308,60,0
392,110,0
402,97,0
75,60,0
273,102,0
176,50,0
48,60,0
303,50,0
447,121,0
404,224,0
322,58,0
124,116,0
61,50,0
9,234,0
163,59,0
185,78,0
464,140,0
243,127,0
405,170,0
292,271,0
450,47,0
257,168,0
229,99,0
137,46,0
323,24,0
437,170,0
435,112,0
243,11,0
257,148,0
315,170,0
404,135,0
9,135,0
412,271,0
276,58,0
303,91,0
67,214,0
447,110,0
280,135,0
404,186,0
494,179,0
406,54,0
236,170,0
243,154,0
348,60,0
391,94,0
308,135,0
409,24,0
104,271,0
477,135,0
303,54,0
416,116,0
331,163,0
469,133,0
45,62,0
474,175,0
308,91,0
140,137,0
292,59,0
372,163,0
200,135,0
315,163,0
135,54,0
9,250,0
75,64,0
251,215,0
416,167,0
231,94,0
254,142,0
263,38,0
246,62,0
479,60,0
320,170,0
390,64,0
133,60,0
263,85,0
283,135,0
133,252,0
79,23,0
405,129,0
399,176,0
466,24,0
292,31,0
362,91,0
292,185,0
137,135,0
308,154,0
135,176,0
464,163,0
135,244,0
292,24,0
201,215,0
474,205,0
469,75,0
372,34,0
400,215,0
135,125,0
137,23,0
135,246,0
274,34,0
204,24,0
348,98,0
198,103,0
29,170,0
276,34,0
176,64,0
379,149,0
200,57,0
478,135,0
112,240,0
421,260,0
124,206,0
436,57,0
362,55,0
77,28,0
135,170,0
21,88,0
328,133,0
370,79,0
137,102,0
459,135,0
467,46,0
137,55,0
475,163,0
402,99,0
198,91,0
299,99,0
135,60,0
83,78,0
135,192,0
135,24,0
178,95,0
348,102,0
219,101,0
137,97,0
263,112,0
308,88,0
450,78,0
30,121,0
485,34,0
74,91,0
28,88,0
308,52,0
322,60,0
308,170,0
135,221,0
474,192,0
450,179,0
304,91,0
399,94,0
325,149,0
308,67,0
328,119,0
292,78,0
322,55,0
441,78,0
88,78,0
350,57,0
471,135,0
308,215,0
325,116,0
430,140,0
48,78,0
263,50,0
399,118,0
254,187,0
263,30,0
204,93,0
263,54,0
465,167,0
318,64,0
380,72,0
104,72,0
135,222,0
38,120,0
467,204,0
402,94,0
176,12,0
466,186,0
328,72,0
328,92,1
38,239,1
439,60,1
219,100,1
176,54,1
12,55,1
45,145,1
159,57,1
192,18,1
263,76,1
54,21,1
380,170,1
204,170,1
392,245,1
48,64,1
318,60,1
140,157,1
291,91,1
369,78,1
137,58,1
135,219,1
322,79,1
477,58,1
416,140,1
391,62,1
178,100,1
135,156,1
309,170,1
263,82,1
54,94,1
137,8,1
198,68,1
464,181,1
24,57,1
399,258,1
292,169,1
344,60,1
168,60,1
30,176,1
391,170,1
292,196,1
428,220,1
190,62,1
159,63,1
86,85,1
254,24,1
404,62,1
274,135,1
292,99,1
400,167,1
181,10,1
206,27,1
348,64,1
322,31,1
251,222,1
399,228,1
181,233,1
251,27,1
263,208,1
369,196,1
318,135,1
406,62,1
322,37,1
303,68,1
362,135,1
348,99,1
106,57,1
314,104,1
75,154,1
198,78,1
243,36,1
315,224,1
292,131,1
441,97,1
318,103,1
477,55,1
467,209,1
459,60,1
135,151,1
417,260,1
452,140,1
441,102,1
181,15,1
350,161,1
351,30,1
319,24,1
137,94,1
339,85,1
6,46,1
424,34,1
459,80,1
61,170,1
192,176,1
192,222,1
137,37,1
229,96,1
362,122,1
315,186,1
43,166,1
439,215,1
373,104,1
30,234,1
421,171,1
174,177,1
391,69,1
38,119,1
405,215,1
229,102,1
166,37,1
45,68,1
21,260,1
391,135,1
439,31,1
348,47,1
276,135,1
495,85,1
79,37,1
467,135,1
273,94,1
291,131,1
464,77,1
79,46,1
453,34,1
370,240,1
439,166,1
348,96,1
75,216,1
376,112,1
213,77,1
121,8,1
291,115,1
251,58,1
5,63,1
370,38,1
192,221,1
9,124,1
61,54,1
350,72,1
304,68,1
471,24,1
370,18,1
135,50,1
281,206,1
270,57,1
61,176,1
29,41,1
408,76,1
292,95,1
275,21,1
362,37,1
310,94,1
267,38,1
38,240,1
261,91,1
215,78,1
460,24,1
137,99,1
4,50,1
263,12,1
450,135,1
315,222,1
68,133,1
38,170,1
254,34,1
291,68,1
464,149,1
400,140,1
346,80,1
68,31,1
350,260,1
322,30,1
195,135,1
421,259,1
351,94,1
452,215,1
492,135,1
290,120,1
116,118,1
276,86,1
404,77,1
219,96,1
213,68,1
67,88,1
5,66,1
181,54,1
213,179,1
348,101,1
467,79,1
303,233,1
372,64,1
67,106,1
45,179,1
297,219,1
137,81,1
372,151,1
460,166,1
292,135,1
291,265,1
116,62,1
303,31,1
5,78,1
362,82,1
408,67,1
79,78,1
29,233,1
263,134,1
292,12,1
392,213,1
492,50,1
322,73,1
68,59,1
27,34,1
372,88,1
318,78,1
223,5,1
38,16,1
433,180,1
263,37,1
454,94,1
467,37,1
276,54,1
353,24,1
314,81,1
318,7,1
409,65,1
379,167,1
495,209,1
171,168,1
352,60,1
328,120,1
412,225,1
372,77,1
213,24,1
360,57,1
314,28,1
38,85,1
268,78,1
263,67,1
420,31,1
400,132,1
204,77,1
348,95,1
292,88,1
106,8,1
45,110,1
441,95,1
140,260,1
408,154,1
292,6,1
379,115,1
137,59,1
479,91,1
386,135,1
329,176,1
391,72,1
123,152,1
464,154,1
416,91,2
178,96,2
454,50,2
213,135,2
391,24,2
362,8,2
464,191,2
434,135,2
204,179,2
362,16,2
119,55,2
297,62,2
314,27,2
288,152,2
75,160,2
379,116,2
318,154,2
264,34,2
102,106,2
135,241,2
38,79,2
251,176,2
283,125,2
452,167,2
45,213,2
20,234,2
483,78,2
408,85,2
38,38,2
331,152,2
229,100,2
362,47,2
339,16,2
176,179,2
362,41,2
231,60,2
477,105,2
339,57,2
391,238,2
495,6,2
190,34,2
421,241,2
402,95,2
61,31,2
315,62,2
399,96,2
254,219,2
290,62,2
171,54,2
38,118,2
124,263,2
380,91,2
181,83,2
124,167,2
452,135,2
362,196,2
290,206,2
178,72,2
350,135,2
477,63,2
137,19,2
312,91,2
322,63,2
231,135,2
174,57,2
198,104,2
479,63,2
108,135,2
418,87,2
38,176,2
68,85,2
479,64,2
408,226,2
109,67,2
328,61,2
388,31,2
388,58,2
255,67,2
290,119,2
360,59,2
137,149,2
68,18,2
331,179,2
399,95,2
68,141,2
68,131,2
101,234,2
68,58,2
463,215,2
490,31,2
391,34,2
297,135,2
460,62,2
465,78,2
362,68,2
461,202,2
412,41,2
441,96,2
372,4,2
9,219,2
362,29,2
68,130,2
28,64,2
467,41,2
380,31,2
168,55,2
240,46,2
406,31,2
350,31,2
477,46,2
178,78,2
322,150,2
406,12,2
263,5,2
41,220,2
213,98,2
469,36,2
404,67,2
135,31,2
109,52,2
478,78,2
467,82,2
200,137,2
116,24,2
454,233,2
45,121,2
391,112,2
467,8,2
213,203,2
318,179,2
367,60,2
242,24,2
140,258,2
243,65,2
135,231,2
38,5,2
412,58,2
21,258,2
316,143,2
231,64,2
292,97,2
378,18,2
166,174,2
412,233,2
284,133,2
477,7,2
433,60,2
45,212,2
159,31,2
452,88,2
255,135,2
237,43,2
439,64,2
479,46,2
45,144,2
396,130,2
219,97,2
500,52,2
280,24,2
229,95,2
370,173,2
176,31,2
61,65,2
263,47,3
339,108,3
192,27,3
291,135,3
312,153,3
390,63,3
439,78,3
254,258,3
477,68,3
471,50,3
399,119,3
441,94,3
370,166,3
204,64,3
308,78,3
137,6,3
495,46,3
372,149,3
467,19,3
281,24,3
9,54,3
285,62,3
325,215,3
402,96,3
178,135,3
219,102,3
362,14,3
463,137,3
75,133,3
372,179,3
290,162,3
236,112,3
372,135,3
308,219,3
181,50,3
75,92,3
263,209,3
500,157,3
380,58,3
459,4,3
29,37,3
277,135,3
484,133,3
346,64,3
182,78,3
292,96,3
267,79,3
292,162,3
229,94,3
452,154,3
156,6,3
75,27,3
48,37,3
137,30,3
362,108,3
238,179,3
9,122,3
477,37,3
215,89,3
104,224,3
137,100,3
421,215,3
421,206,3
327,24,3
379,137,3
200,88,3
256,88,3
68,89,3
12,73,3
400,192,3
467,66,3
370,27,3
106,43,3
241,58,3
303,6,3
204,185,3
396,141,3
204,154,3
168,156,3
352,64,3
215,178,3
45,229,3
462,62,3
251,31,3
204,80,3
308,64,3
400,116,3
492,57,3
251,28,3
462,116,3
427,78,3
30,125,3
352,179,3
285,34,3
174,135,3
406,58,3
274,58,3
273,97,3
427,88,3
133,134,3
417,154,3
440,154,3
406,135,3
168,125,3
433,68,3
29,29,3
38,162,3
477,31,3
292,5,3
281,270,3
422,91,3
325,167,3
417,258,3
263,73,3
467,58,3
477,85,3
439,167,3
292,118,3
379,140,3
135,18,4
430,186,4
380,52,4
204,4,4
452,78,4
310,95,4
464,93,4
213,153,4
344,64,4
467,57,4
124,215,4
464,151,4
286,135,4
54,5,4
45,196,4
42,234,4
396,46,4
492,31,4
268,24,4
312,88,4
9,153,4
75,28,4
471,31,4
370,28,4
135,167,4
265,59,4
471,58,4
135,149,4
246,91,4
171,50,4
324,18,4
303,58,4
166,46,4
477,6,4
348,100,4
406,24,4
45,156,4
354,60,4
312,62,4
348,94,4
308,224,4
461,201,4
30,62,4
135,140,4
263,52,4
29,52,4
439,58,4
469,61,4
221,238,4
327,60,4
297,18,4
369,60,4
477,204,4
291,113,4
38,7,4
308,115,4
363,18,4
156,46,4
104,112,4
467,31,4
291,136,4
430,137,4
380,67,4
204,91,4
204,214,4
353,58,4
137,47,4
477,59,4
441,99,4
467,63,4
68,92,4
68,180,4
68,160,4
108,28,4
45,171,4
290,24,4
255,52,4
159,59,4
159,58,4
68,47,4
308,167,4
350,115,4
68,37,4
212,126,4
23,50,4
68,155,4
267,184,4
477,196,4
68,178,4
68,143,4
297,59,4
61,134,4
45,64,4
280,28,4
137,95,4
417,58,4
281,202,4
354,168,4
137,38,4
315,34,4
12,2,4
396,59,4
495,31,4
350,182,4
192,39,4
367,78,4
328,118,4
75,61,4
119,63,4
328,162,4
378,65,4
204,106,4
440,134,4
460,34,4
302,98,4
350,59,4
215,134,4
370,42,4
254,62,4
273,96,4
441,101,4
122,95,4
204,78,4
312,58,4
291,141,4
314,89,4
122,96,5
45,7,5
213,119,5
362,197,5
471,34,5
192,70,5
479,233,5
370,23,5
452,205,5
275,59,5
420,168,5
28,60,5
237,184,5
48,134,5
200,85,5
273,99,5
350,56,5
444,31,5
292,46,5
477,38,5
182,47,5
122,94,5
47,130,5
467,73,5
45,181,5
135,58,5
135,142,5
460,18,5
330,196,5
70,170,5
79,41,5
360,196,5
327,62,5
255,161,5
159,46,5
195,179,5
297,24,5
79,47,5
68,61,5
68,252,5
281,152,5
465,68,5
68,28,5
488,91,5
220,204,5
330,8,5
126,170,5
322,47,5
68,107,5
213,91,5
135,114,5
270,59,5
68,27,5
379,157,5
68,30,5
68,81,5
485,134,5
68,73,5
409,112,5
314,118,5
350,84,5
379,165,5
135,269,5
237,204,5
267,177,5
350,35,5
500,67,5
434,154,5
492,58,5
287,273,5
45,4,5
277,60,5
254,91,5
312,34,5
483,63,6
372,116,6
242,60,6
352,135,6
255,78,6
178,112,6
477,169,6
215,174,6
240,58,6
279,187,6
285,91,6
396,131,6
350,178,6
137,63,6
408,233,6
223,66,6
500,88,6
124,149,6
198,218,6
133,191,6
372,78,6
448,67,6
444,58,6
404,78,6
240,59,6
391,65,6
79,106,6
459,64,6
30,156,6
226,87,6
478,91,6
350,52,6
350,67,6
355,112,6
195,60,6
251,65,6
318,134,6
466,58,6
65,60,6
471,97,6
213,120,6
477,24,6
412,31,6
124,192,6
237,150,6
38,135,6
215,208,6
289,91,6
275,58,6
289,94,6
367,52,6
166,63,6
322,174,6
68,90,6
406,34,6
299,58,6
495,225,6
421,156,6
67,134,6
68,198,6
362,63,6
229,126,6
65,67,6
362,46,6
45,67,6
471,96,6
322,78,6
220,135,6
106,5,6
30,110,6
290,34,6
254,215,6
267,98,6
240,57,6
219,95,6
29,262,6
204,60,6
421,176,6
312,31,6
370,108,6
280,78,6
379,215,6
174,85,6
406,208,6
204,135,6
231,78,6
176,118,6
66,60,6
354,135,6
204,134,6
176,58,7
255,115,7
318,218,7
373,85,7
322,64,7
5,23,7
350,46,7
237,87,7
467,59,7
290,118,7
325,231,7
284,36,7
192,28,7
112,30,7
65,52,7
238,162,7
473,79,7
372,220,7
45,60,7
33,89,7
417,88,7
333,79,7
166,169,7
433,91,7
400,117,7
404,60,7
291,220,7
195,78,7
216,58,7
291,208,7
29,270,7
391,58,7
492,55,7
418,111,7
220,78,7
421,221,7
251,59,7
328,186,7
362,233,7
291,123,7
275,31,7
204,224,7
409,72,7
159,174,7
137,196,7
458,18,7
61,78,7
465,91,7
31,82,7
159,47,7
251,112,7
68,36,7
283,262,7
403,178,7
68,75,7
137,21,7
325,151,7
353,59,7
43,135,7
35,219,7
488,88,7
380,178,7
440,88,7
328,160,7
352,208,7
429,58,7
104,221,7
280,88,7
215,198,7
343,78,7
292,94,7
340,12,7
302,24,7
461,152,7
477,152,7
457,31,8
354,106,8
372,154,8
40,237,8
255,60,8
352,181,8
121,57,8
284,129,8
492,24,8
137,96,8
174,31,8
243,160,8
460,88,8
452,187,8
137,101,8
280,18,8
412,46,8
297,91,8
388,59,8
295,62,8
35,177,8
448,226,8
291,88,8
310,2,8
213,220,8
412,59,8
460,27,8
351,97,8
444,12,8
216,59,8
68,84,8
215,90,8
190,56,8
299,94,8
181,88,8
65,179,8
477,5,8
66,135,8
104,215,8
346,60,8
477,91,8
292,85,8
195,88,8
176,91,8
242,135,8
126,27,8
340,16,8
471,18,8
353,46,8
350,113,8
104,163,8
213,118,8
174,213,8
231,100,8
273,100,8
174,46,8
23,57,8
433,78,8
38,30,8
477,57,8
56,18,8
213,62,8
163,225,9
464,137,9
302,177,9
440,78,9
62,235,9
495,58,9
379,205,9
471,94,9
43,27,9
230,16,9
500,115,9
219,126,9
412,57,9
274,31,9
396,122,9
350,91,9
123,24,9
484,132,9
68,174,9
220,63,9
322,67,9
166,31,9
297,27,9
352,77,9
414,55,9
329,125,9
45,31,9
45,125,9
329,229,9
137,225,9
354,78,9
350,148,9
453,88,9
483,30,9
303,28,9
500,137,9
372,117,9
213,88,9
383,67,9
213,4,9
322,178,9
24,46,9
241,31,9
477,8,10
350,71,10
452,106,10
404,88,10
407,6,10
272,166,10
119,73,10
29,4,10
200,157,10
251,170,10
79,88,10
353,6,10
29,79,10
195,64,10
299,135,10
414,24,10
220,31,10
216,161,10
438,56,10
215,233,10
292,226,10
200,115,10
417,106,10
52,5,10
231,10,10
406,59,10
346,77,10
5,197,10
292,260,10
292,258,10
215,196,10
370,37,10
135,91,10
391,59,10
283,64,10
396,37,10
362,12,10
462,34,10
328,75,10
204,163,11
410,58,11
242,64,11
106,55,11
441,100,11
301,78,11
176,24,11
65,220,11
213,78,11
182,79,11
440,64,11
369,134,11
466,31,11
284,92,11
405,81,11
365,58,11
345,31,11
462,58,11
292,134,11
444,16,11
325,117,12
173,65,12
464,215,12
123,62,12
280,120,12
352,134,12
75,135,12
291,166,12
430,167,12
291,225,12
181,238,12
215,226,12
367,106,12
477,73,12
330,104,12
355,58,12
174,59,12
220,180,12
58,132,12
339,12,12
229,31,12
380,115,12
229,101,12
448,52,12
308,34,12
201,34,12
471,95,12
391,228,12
38,198,12
430,18,12
247,220,12
448,63,12
213,154,12
241,59,12
491,135,12
471,88,12
276,78,13
351,96,13
355,176,13
348,178,13
360,5,13
351,95,13
433,154,13
433,88,13
402,100,13
465,38,13
421,125,13
295,34,13
41,23,13
126,166,13
220,58,13
284,160,13
288,34,13
329,221,13
404,64,13
195,154,13
256,67,13
164,59,13
311,50,13
213,60,13
276,88,13
492,59,13
137,91,13
406,65,13
362,184,13
198,114,13
65,78,13
353,8,13
104,212,13
370,239,13
143,31,13
261,67,13
284,51,13
176,85,13
223,270,13
231,208,13
483,37,13
453,31,13
312,118,13
322,208,13
368,98,13
174,34,14
102,76,14
344,191,14
242,62,14
410,120,14
421,34,14
212,101,14
454,7,14
406,50,14
219,99,14
9,188,14
213,64,14
30,171,14
469,42,14
303,135,14
108,152,14
24,59,14
174,58,14
254,135,14
457,58,14
391,31,14
290,31,14
225,31,14
421,170,14
220,178,14
399,31,14
372,106,14
368,74,14
273,101,14
297,34,14
189,65,14
447,161,14
414,62,14
66,78,15
23,59,15
412,239,15
367,67,15
212,191,15
126,28,15
430,125,15
297,58,15
436,273,15
353,12,15
195,77,15
440,106,15
222,94,15
292,63,15
459,78,15
215,58,15
421,231,15
491,86,15
322,184,15
291,148,15
200,30,15
350,88,15
24,58,15
478,208,16
263,16,16
412,5,16
41,59,16
12,63,16
65,64,16
453,135,16
47,152,16
488,31,16
23,8,16
344,80,16
385,104,16
322,226,16
471,72,16
319,88,16
399,225,16
201,62,16
465,47,16
416,215,16
370,30,17
399,219,17
410,118,17
460,106,17
492,37,17
299,97,17
135,130,17
45,197,17
453,219,17
434,52,17
353,14,17
220,59,17
198,208,17
287,31,17
362,76,17
198,196,17
390,135,17
263,174,17
322,59,17
166,47,17
4,54,17
190,71,18
383,52,18
408,134,18
181,132,18
346,263,18
24,5,18
43,173,18
362,88,18
272,24,18
329,170,18
406,134,18
144,31,18
379,117,18
79,154,18
311,54,18
239,220,18
203,137,18
38,53,18
209,27,18
62,229,19
430,50,19
464,185,19
464,157,19
233,65,19
129,27,19
317,31,19
365,31,19
325,163,19
242,106,19
7,262,19
21,7,19
412,240,19
77,27,19
68,55,19
44,222,19
308,179,19
195,220,19
137,238,19
51,166,19
303,18,19
430,34,19
379,67,19
38,174,19
283,78,19
453,104,19
231,31,19
312,98,19
62,169,20
297,31,20
351,100,20
276,24,20
200,204,20
141,118,20
319,60,20
222,184,20
453,83,20
465,37,20
324,34,20
404,106,20
126,91,20
5,233,20
57,135,20
247,107,20
57,116,20
102,215,20
268,88,20
123,121,20
396,105,20
231,196,20
441,50,20
29,238,21
492,46,21
198,135,21
408,37,21
434,215,21
405,127,21
246,34,21
315,215,21
412,6,21
367,91,21
276,50,21
176,135,21
452,207,21
65,115,21
21,137,21
257,136,21
21,157,21
406,7,21
407,134,21
12,219,21
279,134,21
242,88,21
137,144,21
431,24,21
29,50,21
280,162,21
325,140,22
400,62,22
327,104,22
41,78,22
499,72,22
396,124,22
213,275,22
353,29,22
350,143,22
350,157,22
45,58,22
126,173,22
285,88,22
353,72,22
498,245,22
299,96,22
467,6,22
376,215,22
399,50,22
392,135,23
236,88,23
412,85,23
281,77,23
106,47,23
130,75,23
408,41,23
291,129,23
270,58,23
45,63,23
267,30,23
160,58,23
228,31,23
242,78,24
319,34,24
29,75,24
159,37,24
5,209,24
23,12,24
29,246,24
396,18,24
344,208,24
277,91,24
370,127,24
273,95,24
414,135,24
410,31,25
154,58,25
35,58,25
231,97,25
104,65,25
377,88,25
137,197,25
195,106,25
297,112,25
400,88,25
102,88,25
322,134,25
213,106,25
421,31,25
442,31,26
406,85,26
132,27,26
436,114,26
200,7,26
280,64,26
498,88,26
386,68,26
283,218,26
138,104,27
333,108,27
249,135,27
268,106,27
124,151,27
220,134,27
168,88,27
274,59,27
396,27,27
384,31,27
108,27,28
88,168,28
12,47,28
464,167,28
119,37,28
421,258,28
430,222,28
155,58,28
195,134,28
346,185,28
156,58,28
462,170,28
20,50,29
135,62,29
45,46,29
353,63,29
99,27,29
211,170,29
412,8,29
248,88,29
153,58,29
35,98,29
39,58,29
237,8,29
421,222,30
327,18,30
171,78,30
434,116,30
371,176,30
463,78,30
412,196,30
467,5,30
38,12,30
237,83,30
205,60,30
18,205,30
38,150,30
205,64,30
45,168,31
95,78,31
32,88,31
119,23,31
164,58,31
45,34,31
60,31,31
231,197,31
20,31,31
99,34,31
189,6,31
370,75,31
122,63,31
38,14,31
499,34,31
475,72,31
64,63,32
370,65,32
473,47,32
166,58,32
499,112,32
469,134,32
383,137,32
52,134,33
274,88,33
460,185,33
394,67,33
351,102,33
462,88,34
41,135,34
280,106,34
350,7,34
477,201,34
353,23,34
412,197,34
406,91,34
29,54,34
212,185,34
418,143,34
182,220,34
371,24,34
412,209,35
353,55,35
29,7,35
129,28,35
417,78,35
372,214,35
328,216,36
421,62,36
44,89,36
350,137,36
195,191,36
198,262,36
273,59,36
327,114,36
400,34,36
41,58,36
399,88,36
379,52,37
79,134,37
57,77,37
292,100,37
130,28,37
399,166,37
396,28,37
309,65,38
5,134,38
462,31,38
375,78,38
38,154,38
430,31,38
156,63,38
29,31,38
417,59,38
378,27,38
331,88,38
254,67,39
160,59,39
10,229,39
166,59,39
346,212,40
412,23,40
351,101,40
240,30,40
168,215,40
416,134,40
218,28,41
360,37,41
190,52,41
155,31,41
353,30,41
283,168,41
137,110,41
319,154,41
396,31,41
281,88,41
351,99,42
467,7,42
263,6,42
123,88,42
353,78,42
477,174,42
440,60,42
334,72,42
334,152,42
112,236,42
417,31,42
412,66,43
7,146,43
242,67,43
353,60,43
182,37,44
87,196,44
291,75,44
291,92,44
43,28,44
399,65,44
408,23,44
215,106,44
124,112,44
396,58,44
283,134,45
429,31,45
137,126,45
24,6,45
166,79,45
38,29,45
79,58,45
182,135,45
281,34,45
373,9,45
176,168,46
450,24,46
346,191,46
471,98,46
311,150,46
310,135,46
159,6,46
477,198,46
299,95,47
471,100,47
280,118,47
412,204,47
132,28,47
204,220,47
265,30,47
362,5,48
399,58,48
386,91,48
311,79,48
33,115,48
479,204,48
353,64,48
412,43,48
167,31,48
368,177,48
153,31,48
330,78,48
479,104,49
276,62,49
28,52,49
24,85,49
407,23,49
353,86,49
65,58,49
163,6,49
255,106,49
462,118,50
254,72,50
412,10,50
114,104,50
5,204,50
25,63,50
412,15,51
280,27,51
104,170,51
346,226,51
500,148,52
168,94,52
399,59,53
272,18,54
412,38,54
204,215,54
399,135,54
160,31,54
168,63,55
254,106,55
322,52,55
371,213,55
414,34,55
319,135,56
407,226,56
241,179,56
365,135,56
261,50,56
405,39,56
303,154,56
124,88,56
339,134,57
6,57,57
412,76,57
124,140,58
405,67,58
292,106,58
497,135,58
424,178,58
276,104,59
123,110,59
29,67,59
276,31,59
190,115,59
23,46,59
283,274,60
190,88,60
45,112,60
33,88,60
156,59,60
23,31,60
40,12,60
137,66,60
21,67,60
32,78,61
50,79,61
28,154,61
499,65,61
48,12,61
243,75,61
246,219,61
35,31,61
45,72,61
190,91,61
386,88,62
168,46,62
431,88,62
422,68,62
9,34,62
329,216,63
412,150,64
231,95,64
464,125,64
360,6,64
350,258,64
221,65,64
52,208,64
231,96,65
29,60,65
412,82,65
384,58,65
281,106,65
102,196,66
29,135,66
87,134,66
331,78,66
291,137,67
265,174,67
231,101,67
396,75,67
453,24,67
89,31,68
75,252,68
287,59,68
154,59,68
354,88,68
396,135,68
371,18,68
353,10,69
360,24,69
118,16,69
353,38,69
38,37,70
118,12,70
176,134,70
412,184,70
322,2,70
421,67,71
492,63,71
425,31,71
471,75,72
386,78,72
405,54,72
474,215,73
433,166,73
110,226,74
30,112,74
348,174,74
270,46,74
390,78,74
346,134,74
290,58,75
500,78,75
415,178,76
295,24,76
1,153,76
303,59,76
137,112,76
230,85,76
375,88,77
399,91,77
396,166,78
353,5,78
412,210,78
72,31,79
20,59,79
428,265,79
276,154,80
79,6,80
323,31,81
211,112,81
163,78,81
386,173,81
428,134,82
399,7,82
310,34,82
276,185,83
313,104,83
328,231,83
406,6,83
373,162,83
52,168,84
135,223,84
325,142,84
412,79,84
33,137,85
227,88,85
283,208,85
405,62,86
137,105,86
453,50,87
30,65,87
424,180,87
428,78,87
391,88,88
450,130,88
228,79,88
405,50,88
99,62,89
29,72,90
160,6,91
241,135,91
407,88,92
215,63,92
417,46,92
99,28,92
412,108,92
74,105,92
218,18,92
90,47,92
231,144,92
170,78,93
57,262,93
350,78,93
30,135,93
463,157,93
140,226,95
54,213,95
327,34,96
246,52,96
164,31,96
344,134,96
10,235,96
292,7,97
289,95,97
231,145,97
492,73,98
287,58,98
1,225,98
425,58,98
272,173,99
163,58,100
5,55,100
168,77,100
399,63,100
392,130,101
241,88,102
35,59,102
33,78,102
349,24,102
114,123,103
412,63,103
133,39,103
245,31,103
99,106,103
214,34,104
99,88,105
29,58,105
170,179,107
412,55,107
28,172,108
246,67,108
422,67,109
427,106,109
29,220,109
355,65,109
7,274,109
181,7,109
433,178,109
21,115,110
33,226,111
391,152,112
407,78,112
349,88,112
412,37,112
29,226,113
430,59,113
143,58,115
176,192,115
135,135,115
487,143,116
348,8,116
325,211,116
495,59,117
23,118,117
35,62,117
5,47,117
102,170,118
29,239,118
416,67,120
405,112,121
353,66,121
303,16,122
135,207,122
149,34,124
139,110,124
283,237,124
482,79,124
412,30,124
430,187,124
67,27,124
190,123,126
25,46,126
67,18,126
35,24,126
232,16,126
353,82,127
303,78,127
372,226,127
125,18,129
358,31,129
273,126,129
138,118,130
465,225,130
168,154,131
104,34,132
353,15,132
311,37,132
367,18,132
390,134,133
256,106,133
29,274,133
280,60,135
254,50,136
30,68,137
405,167,138
412,47,138
56,106,138
308,24,138
137,88,139
160,63,139
422,34,139
160,46,139
129,36,139
184,91,139
121,180,140
376,206,140
367,166,140
218,75,141
30,72,141
406,78,141
135,104,142
29,78,142
276,7,142
236,65,142
75,62,143
255,77,143
308,106,143
297,88,144
386,67,144
24,24,145
412,174,145
310,96,146
235,183,146
255,64,147
297,78,147
396,91,147
30,31,148
405,34,148
347,5,149
355,24,149
135,78,149
355,31,149
437,34,149
121,105,149
156,174,150
189,72,150
473,37,151
391,50,151
35,275,151
121,226,152
383,157,152
303,221,153
135,106,154
137,82,155
412,198,155
316,104,155
373,168,155
347,66,155
297,63,157
47,222,158
266,34,160
357,31,161
404,137,161
366,154,162
351,63,162
110,78,163
257,7,163
430,58,163
110,135,163
351,55,165
102,174,165
135,178,166
27,31,166
198,106,166
479,174,166
404,18,167
303,24,168
242,52,169
245,58,173
44,249,173
25,59,174
12,135,174
439,59,175
29,59,175
424,31,177
191,34,178
12,7,178
291,252,178
25,58,179
322,233,179
30,91,181
236,24,182
354,134,182
334,16,183
182,31,186
239,78,186
348,208,187
407,50,187
434,56,187
391,270,188
303,231,189
354,154,189
112,5,189
65,91,190
254,60,190
25,31,192
396,7,194
47,131,195
404,52,197
354,7,198
198,154,198
67,12,198
387,31,198
256,226,199
254,220,199
212,78,200
470,91,200
441,91,200
1,135,201
30,130,201
261,116,201
324,27,201
153,59,207
33,134,208
471,59,208
436,73,209
167,58,209
463,135,209
463,7,209
431,271,211
405,134,211
5,174,211
463,52,212
377,34,214
29,63,215
176,226,218
327,135,218
56,24,218
67,77,219
325,88,222
169,24,223
430,62,224
276,191,224
386,258,226
481,88,227
67,135,229
106,37,230
176,59,230
491,110,231
223,88,234
222,108,235
490,88,235
470,88,236
67,62,236
365,59,236
458,27,238
323,134,238
276,153,238
44,90,240
23,63,241
254,154,241
366,135,242
25,88,242
204,125,243
434,234,243
303,88,244
266,88,245
126,24,245
209,7,247
396,178,250
169,18,250
254,140,250
38,59,250
256,31,252
439,18,253
276,208,253
405,65,255
38,9,257
178,104,260
424,88,260
366,91,262
459,88,264
286,242,269
434,91,269
405,178,270
276,146,271
276,114,271
453,58,273
351,37,274
12,130,275
276,106,278
482,76,279
277,58,279
116,154,279
116,64,279
54,31,281
482,233,281
116,135,281
116,60,283
276,81,283
9,251,284
140,78,286
35,67,287
405,24,288
371,237,289
261,52,292
434,67,293
137,174,295
366,192,296
345,58,298
116,78,302
240,178,304
140,88,304
469,39,305
469,70,306
469,147,306
35,50,308
289,162,312
44,142,315
95,85,315
380,63,317
346,220,317
291,216,320
291,172,320
291,87,320
291,111,320
291,109,320
371,91,320
422,88,324
381,31,326
460,28,327
471,99,328
277,144,329
44,88,329
346,262,329
169,94,333
38,229,335
446,118,336
465,58,336
405,208,336
311,178,339
463,54,339
463,50,340
30,24,341
351,41,342
363,88,343
23,225,345
252,72,346
140,106,346
181,168,347
41,85,351
47,202,351
459,77,351
463,258,355
35,153,363
30,58,363
126,68,364
380,78,367
405,106,369
169,248,370
311,47,370
29,115,371
140,67,373
399,236,375
77,39,376
266,104,376
361,31,378
144,59,380
245,91,382
116,134,382
30,18,384
178,34,384
328,252,386
176,88,387
313,262,387
483,52,392
119,41,394
483,67,394
116,88,397
478,7,399
363,27,408
266,7,410
439,140,411
169,245,414
360,23,415
254,7,423
492,2,424
498,78,432
198,60,438
366,88,440
366,67,440
126,88,441
405,168,446
35,78,447
29,237,448
106,76,448
416,52,451
333,30,451
459,179,454
465,85,456
363,78,457
185,135,462
12,174,468
333,23,494
423,31,499
460,173,514
465,153,530
313,88,535
496,37,538
9,16,NA
9,23,NA
9,57,NA
9,179,NA
374,47,NA
374,50,NA
374,54,NA
374,63,NA
374,67,NA
374,75,NA
374,92,NA
374,134,NA
374,135,NA
374,140,NA
374,142,NA
374,174,NA
374,178,NA
374,181,NA
374,207,NA
374,216,NA
374,218,NA
374,226,NA
374,245,NA
374,248,NA
88,174,NA
88,198,NA
88,229,NA
332,144,NA
332,167,NA
332,203,NA
332,213,NA
250,18,NA
250,27,NA
250,81,NA
250,92,NA
250,134,NA
250,147,NA
250,164,NA
250,178,NA
250,216,NA
250,226,NA
250,231,NA
291,106,NA
17,218,NA
446,17,NA
446,63,NA
446,67,NA
446,68,NA
446,81,NA
446,88,NA
446,125,NA
446,168,NA
446,206,NA
446,222,NA
296,24,NA
296,35,NA
296,89,NA
296,90,NA
296,160,NA
296,226,NA
362,7,NA
362,23,NA
362,34,NA
362,58,NA
362,59,NA
362,62,NA
362,65,NA
362,66,NA
362,67,NA
362,72,NA
362,78,NA
362,106,NA
362,124,NA
362,130,NA
362,144,NA
362,166,NA
362,168,NA
362,169,NA
362,172,NA
362,174,NA
362,198,NA
362,209,NA
362,213,NA
362,220,NA
362,225,NA
362,265,NA
369,106,NA
369,118,NA
369,154,NA
369,245,NA
369,249,NA
369,262,NA
369,263,NA
5,30,NA
5,130,NA
359,31,NA
315,18,NA
315,24,NA
315,27,NA
315,78,NA
315,88,NA
315,143,NA
315,175,NA
315,176,NA
315,226,NA
74,135,NA
74,184,NA
74,234,NA
145,6,NA
145,8,NA
145,12,NA
145,15,NA
145,16,NA
145,23,NA
145,29,NA
145,37,NA
145,38,NA
145,43,NA
145,47,NA
145,57,NA
145,63,NA
145,65,NA
145,66,NA
145,76,NA
145,78,NA
145,82,NA
145,144,NA
145,150,NA
145,174,NA
145,196,NA
145,198,NA
145,208,NA
145,225,NA
145,263,NA
145,270,NA
64,31,NA
64,58,NA
64,78,NA
64,81,NA
64,94,NA
64,108,NA
64,154,NA
64,174,NA
436,2,NA
436,54,NA
436,134,NA
436,135,NA
436,146,NA
436,152,NA
436,157,NA
436,161,NA
436,162,NA
436,185,NA
436,193,NA
436,200,NA
436,213,NA
436,220,NA
436,229,NA
436,234,NA
436,237,NA
436,258,NA
436,260,NA
393,81,NA
393,94,NA
393,95,NA
393,96,NA
393,97,NA
393,99,NA
393,102,NA
393,178,NA
262,9,NA
262,17,NA
262,31,NA
262,77,NA
262,78,NA
494,17,NA
494,81,NA
494,86,NA
494,87,NA
494,104,NA
494,111,NA
494,112,NA
494,127,NA
494,134,NA
494,144,NA
494,160,NA
494,162,NA
494,168,NA
494,191,NA
494,208,NA
494,216,NA
494,218,NA
494,224,NA
494,226,NA
494,228,NA
109,72,NA
109,78,NA
109,80,NA
109,88,NA
109,95,NA
109,115,NA
109,134,NA
109,135,NA
109,154,NA
109,174,NA
235,34,NA
234,10,NA
234,63,NA
234,66,NA
234,68,NA
234,73,NA
234,76,NA
234,78,NA
234,81,NA
234,82,NA
234,85,NA
234,88,NA
234,91,NA
234,94,NA
234,95,NA
234,96,NA
234,97,NA
234,99,NA
234,100,NA
234,101,NA
234,102,NA
234,106,NA
234,125,NA
234,126,NA
234,150,NA
234,154,NA
234,156,NA
234,171,NA
234,176,NA
234,178,NA
234,180,NA
234,184,NA
234,204,NA
234,206,NA
234,209,NA
234,210,NA
234,211,NA
234,222,NA
234,225,NA
234,231,NA
234,234,NA
234,239,NA
234,240,NA
234,244,NA
234,258,NA
234,260,NA
289,7,NA
289,12,NA
289,46,NA
289,68,NA
289,81,NA
289,88,NA
289,96,NA
289,178,NA
167,57,NA
330,50,NA
330,59,NA
330,81,NA
330,88,NA
330,197,NA
330,238,NA
458,17,NA
458,88,NA
458,118,NA
458,162,NA
222,7,NA
222,95,NA
37,51,NA
37,75,NA
37,174,NA
449,37,NA
449,79,NA
449,94,NA
449,134,NA
449,178,NA
110,18,NA
110,27,NA
110,28,NA
110,39,NA
110,56,NA
110,61,NA
110,70,NA
110,71,NA
110,73,NA
110,75,NA
110,77,NA
110,79,NA
110,80,NA
110,84,NA
110,87,NA
110,88,NA
110,91,NA
110,94,NA
110,95,NA
110,96,NA
110,97,NA
110,98,NA
110,99,NA
110,100,NA
110,101,NA
110,102,NA
110,105,NA
110,106,NA
110,107,NA
110,108,NA
110,109,NA
110,110,NA
110,111,NA
110,112,NA
110,113,NA
110,114,NA
110,116,NA
110,117,NA
110,121,NA
110,122,NA
110,123,NA
110,124,NA
110,125,NA
110,126,NA
110,130,NA
110,131,NA
110,132,NA
110,134,NA
110,140,NA
110,141,NA
110,142,NA
110,143,NA
110,146,NA
110,149,NA
110,150,NA
110,151,NA
110,152,NA
110,153,NA
110,154,NA
110,155,NA
110,156,NA
110,159,NA
110,161,NA
110,163,NA
110,164,NA
110,165,NA
110,166,NA
110,167,NA
110,168,NA
110,169,NA
110,170,NA
110,171,NA
110,172,NA
110,173,NA
110,174,NA
110,175,NA
110,176,NA
110,177,NA
110,178,NA
110,179,NA
110,180,NA
110,181,NA
110,182,NA
110,184,NA
110,185,NA
110,186,NA
110,187,NA
110,188,NA
110,191,NA
110,192,NA
110,193,NA
110,194,NA
110,195,NA
110,196,NA
110,197,NA
110,198,NA
110,200,NA
110,201,NA
110,202,NA
110,203,NA
110,204,NA
110,205,NA
110,206,NA
110,207,NA
110,208,NA
110,209,NA
110,210,NA
110,212,NA
110,213,NA
110,214,NA
110,215,NA
110,216,NA
110,217,NA
110,218,NA
110,221,NA
110,222,NA
110,223,NA
110,224,NA
110,260,NA
121,76,NA
121,89,NA
121,94,NA
121,149,NA
121,169,NA
121,196,NA
121,203,NA
121,204,NA
121,216,NA
121,234,NA
484,6,NA
484,19,NA
484,31,NA
484,46,NA
484,57,NA
484,58,NA
484,59,NA
484,65,NA
484,81,NA
484,88,NA
484,116,NA
484,134,NA
484,152,NA
484,160,NA
484,167,NA
484,169,NA
484,195,NA
484,214,NA
484,215,NA
484,216,NA
484,224,NA
102,7,NA
102,12,NA
102,14,NA
102,16,NA
102,17,NA
102,29,NA
102,53,NA
102,77,NA
102,78,NA
102,80,NA
102,81,NA
102,94,NA
102,104,NA
102,134,NA
102,150,NA
102,155,NA
102,162,NA
102,194,NA
102,198,NA
102,225,NA
102,226,NA
102,230,NA
273,118,NA
273,225,NA
28,4,NA
28,7,NA
28,50,NA
28,54,NA
28,56,NA
28,71,NA
28,77,NA
28,81,NA
28,87,NA
28,89,NA
28,106,NA
28,109,NA
28,111,NA
28,112,NA
28,113,NA
28,115,NA
28,123,NA
28,125,NA
28,134,NA
28,136,NA
28,156,NA
28,171,NA
28,175,NA
28,178,NA
28,179,NA
28,181,NA
28,185,NA
28,188,NA
28,191,NA
28,208,NA
28,214,NA
28,226,NA
28,245,NA
28,248,NA
28,263,NA
112,213,NA
112,239,NA
16,59,NA
16,61,NA
16,64,NA
16,72,NA
16,78,NA
16,88,NA
16,104,NA
16,118,NA
16,134,NA
16,147,NA
16,170,NA
16,172,NA
16,178,NA
16,181,NA
16,214,NA
16,215,NA
16,216,NA
16,220,NA
16,252,NA
16,266,NA
16,274,NA
16,275,NA
15,171,NA
15,208,NA
15,249,NA
10,16,NA
10,50,NA
10,54,NA
10,198,NA
10,233,NA
10,265,NA
111,219,NA
389,134,NA
389,229,NA
329,7,NA
329,28,NA
329,39,NA
329,56,NA
329,64,NA
329,70,NA
329,71,NA
329,88,NA
329,89,NA
329,91,NA
329,113,NA
329,118,NA
329,134,NA
329,137,NA
329,154,NA
329,157,NA
329,162,NA
329,178,NA
329,186,NA
329,220,NA
329,226,NA
329,263,NA
326,30,NA
326,31,NA
326,88,NA
205,134,NA
426,81,NA
426,122,NA
426,124,NA
426,135,NA
426,178,NA
426,215,NA
426,229,NA
346,88,NA
346,106,NA
346,125,NA
346,168,NA
346,208,NA
346,274,NA
336,62,NA
336,111,NA
336,153,NA
336,238,NA
343,61,NA
343,106,NA
343,134,NA
343,135,NA
343,164,NA
343,215,NA
343,220,NA
438,78,NA
31,30,NA
31,98,NA
31,137,NA
31,174,NA
327,7,NA
327,17,NA
327,27,NA
327,31,NA
327,63,NA
327,64,NA
327,65,NA
327,72,NA
327,78,NA
327,80,NA
327,86,NA
327,88,NA
327,91,NA
327,98,NA
327,112,NA
327,118,NA
327,119,NA
327,134,NA
327,142,NA
327,146,NA
327,152,NA
327,154,NA
327,155,NA
327,168,NA
327,169,NA
327,172,NA
327,194,NA
327,206,NA
327,208,NA
327,216,NA
327,220,NA
327,224,NA
327,226,NA
327,238,NA
327,262,NA
327,273,NA
39,88,NA
39,91,NA
293,185,NA
293,262,NA
13,50,NA
6,81,NA
6,94,NA
6,104,NA
6,118,NA
6,178,NA
6,245,NA
335,6,NA
335,7,NA
335,38,NA
335,41,NA
335,43,NA
335,50,NA
335,66,NA
335,83,NA
335,89,NA
335,98,NA
335,116,NA
335,118,NA
335,119,NA
335,132,NA
335,135,NA
335,154,NA
335,155,NA
335,170,NA
335,174,NA
335,176,NA
335,177,NA
335,181,NA
335,184,NA
335,187,NA
335,203,NA
335,204,NA
335,215,NA
335,216,NA
335,224,NA
335,227,NA
335,229,NA
335,230,NA
335,232,NA
335,233,NA
335,234,NA
7,72,NA
7,157,NA
7,179,NA
7,216,NA
7,218,NA
7,220,NA
7,229,NA
7,237,NA
7,263,NA
236,72,NA
236,198,NA
236,273,NA
277,7,NA
277,31,NA
277,50,NA
277,52,NA
277,56,NA
277,64,NA
277,67,NA
277,68,NA
277,71,NA
277,72,NA
277,78,NA
277,80,NA
277,83,NA
277,113,NA
277,115,NA
277,118,NA
277,136,NA
277,137,NA
277,148,NA
277,153,NA
277,157,NA
277,161,NA
277,168,NA
277,179,NA
277,182,NA
277,186,NA
277,208,NA
277,226,NA
277,234,NA
210,30,NA
210,55,NA
210,57,NA
210,58,NA
210,73,NA
210,85,NA
210,135,NA
210,169,NA
210,230,NA
202,34,NA
202,75,NA
202,86,NA
202,136,NA
202,153,NA
202,161,NA
202,176,NA
202,179,NA
202,206,NA
202,213,NA
202,216,NA
202,218,NA
202,220,NA
202,222,NA
202,224,NA
202,225,NA
202,226,NA
202,229,NA
202,237,NA
202,238,NA
202,242,NA
202,244,NA
202,246,NA
202,249,NA
202,251,NA
202,262,NA
202,263,NA
202,269,NA
202,274,NA
202,275,NA
14,178,NA
12,72,NA
334,65,NA
321,98,NA
321,135,NA
321,155,NA
475,7,NA
475,14,NA
475,16,NA
475,29,NA
475,31,NA
475,63,NA
475,83,NA
475,86,NA
475,168,NA
475,170,NA
475,213,NA
475,215,NA
475,224,NA
376,67,NA
349,52,NA
349,249,NA
298,52,NA
298,115,NA
298,135,NA
298,137,NA
298,154,NA
298,166,NA
394,52,NA
394,134,NA
394,137,NA
394,189,NA
316,155,NA
316,202,NA
316,203,NA
316,216,NA
418,57,NA
418,109,NA
418,180,NA
415,75,NA
415,81,NA
415,180,NA
286,57,NA
286,121,NA
286,165,NA
286,169,NA
286,174,NA
286,198,NA
286,203,NA
286,205,NA
286,209,NA
286,211,NA
286,213,NA
286,215,NA
286,225,NA
286,234,NA
286,238,NA
286,240,NA
286,265,NA
284,178,NA
284,203,NA
284,216,NA
395,52,NA
395,56,NA
395,67,NA
395,113,NA
395,115,NA
395,136,NA
395,148,NA
395,149,NA
395,151,NA
395,161,NA
395,210,NA
395,213,NA
395,237,NA
395,240,NA
395,273,NA
356,6,NA
356,76,NA
356,82,NA
356,150,NA
356,233,NA
356,240,NA
1,41,NA
1,95,NA
1,113,NA
1,152,NA
169,58,NA
169,65,NA
169,72,NA
169,91,NA
169,95,NA
169,96,NA
169,97,NA
169,99,NA
169,100,NA
169,101,NA
169,116,NA
169,117,NA
169,135,NA
169,140,NA
169,152,NA
169,201,NA
169,202,NA
169,203,NA
169,219,NA
169,226,NA
169,234,NA
169,250,NA
169,253,NA
91,88,NA
91,153,NA
91,178,NA
91,181,NA
91,208,NA
91,216,NA
41,30,NA
41,57,NA
41,67,NA
41,184,NA
41,204,NA
8,6,NA
8,25,NA
8,47,NA
8,58,NA
8,59,NA
8,60,NA
8,79,NA
8,160,NA
8,168,NA
8,218,NA
8,252,NA
363,2,NA
363,7,NA
363,12,NA
363,24,NA
363,28,NA
363,47,NA
363,52,NA
363,55,NA
363,60,NA
363,63,NA
363,67,NA
363,73,NA
363,77,NA
363,106,NA
363,134,NA
363,154,NA
4,7,NA
4,83,NA
4,87,NA
4,213,NA
4,270,NA
430,27,NA
430,67,NA
430,71,NA
430,75,NA
430,88,NA
430,105,NA
430,189,NA
430,194,NA
430,231,NA
199,63,NA
199,91,NA
470,81,NA
470,104,NA
470,130,NA
470,131,NA
470,176,NA
470,178,NA
11,91,NA
27,62,NA
148,34,NA
62,9,NA
62,17,NA
62,118,NA
62,168,NA
62,208,NA
62,213,NA
302,5,NA
302,7,NA
302,8,NA
302,12,NA
302,23,NA
302,31,NA
302,34,NA
302,37,NA
302,39,NA
302,47,NA
302,55,NA
302,56,NA
302,60,NA
302,66,NA
302,71,NA
302,77,NA
302,78,NA
302,82,NA
302,88,NA
302,94,NA
302,95,NA
302,96,NA
302,97,NA
302,99,NA
302,100,NA
302,102,NA
302,104,NA
302,106,NA
302,110,NA
302,114,NA
302,122,NA
302,124,NA
302,126,NA
302,134,NA
302,152,NA
302,153,NA
302,154,NA
302,174,NA
302,178,NA
302,187,NA
302,198,NA
302,207,NA
302,218,NA
302,220,NA
302,223,NA
302,226,NA
385,7,NA
385,18,NA
385,24,NA
385,50,NA
385,52,NA
385,56,NA
385,60,NA
385,63,NA
385,64,NA
385,65,NA
385,67,NA
385,71,NA
385,75,NA
385,78,NA
385,83,NA
385,88,NA
385,91,NA
385,106,NA
385,114,NA
385,115,NA
385,116,NA
385,117,NA
385,137,NA
385,142,NA
385,148,NA
385,154,NA
385,158,NA
385,167,NA
385,168,NA
385,185,NA
385,187,NA
385,189,NA
385,208,NA
385,210,NA
385,213,NA
385,215,NA
385,219,NA
385,234,NA
385,237,NA
385,238,NA
385,245,NA
385,248,NA
385,249,NA
385,271,NA
135,27,NA
135,59,NA
135,64,NA
135,65,NA
135,67,NA
135,68,NA
135,118,NA
135,143,NA
135,171,NA
135,180,NA
135,203,NA
135,206,NA
135,229,NA
135,258,NA
3,24,NA
3,31,NA
3,52,NA
3,63,NA
3,67,NA
3,115,NA
3,135,NA
3,137,NA
3,178,NA
3,225,NA
3,234,NA
3,237,NA
3,242,NA
3,245,NA
3,248,NA
281,7,NA
281,170,NA
281,176,NA
281,201,NA
281,215,NA
281,228,NA
248,91,NA
257,113,NA
257,115,NA
257,123,NA
257,134,NA
18,34,NA
18,87,NA
18,88,NA
18,165,NA
18,167,NA
18,215,NA
18,246,NA
19,104,NA
19,215,NA
19,238,NA
20,46,NA
20,54,NA
20,65,NA
20,67,NA
20,88,NA
21,113,NA
22,31,NA
22,34,NA
22,88,NA
23,5,NA
23,14,NA
23,29,NA
23,78,NA
23,134,NA
23,170,NA
24,34,NA
24,50,NA
24,81,NA
24,88,NA
24,178,NA
24,225,NA
25,7,NA
25,57,NA
26,39,NA
26,65,NA
26,133,NA
26,169,NA
29,6,NA
29,12,NA
29,14,NA
29,28,NA
29,34,NA
29,36,NA
29,46,NA
29,56,NA
29,57,NA
29,61,NA
29,64,NA
29,65,NA
29,80,NA
29,81,NA
29,82,NA
29,83,NA
29,85,NA
29,87,NA
29,88,NA
29,91,NA
29,92,NA
29,103,NA
29,104,NA
29,122,NA
29,129,NA
29,134,NA
29,152,NA
29,154,NA
29,160,NA
29,172,NA
29,181,NA
29,189,NA
29,203,NA
29,208,NA
29,210,NA
29,215,NA
29,216,NA
29,218,NA
29,219,NA
29,224,NA
29,227,NA
29,229,NA
29,236,NA
29,249,NA
29,259,NA
29,263,NA
29,269,NA
29,271,NA
29,273,NA
29,275,NA
30,6,NA
30,8,NA
30,12,NA
30,14,NA
30,16,NA
30,34,NA
30,50,NA
30,59,NA
30,78,NA
30,81,NA
30,87,NA
30,89,NA
30,90,NA
30,98,NA
30,104,NA
30,105,NA
30,118,NA
30,122,NA
30,131,NA
30,144,NA
30,152,NA
30,166,NA
30,169,NA
30,178,NA
30,203,NA
30,206,NA
30,212,NA
30,219,NA
30,225,NA
30,228,NA
30,229,NA
30,230,NA
30,238,NA
30,270,NA
34,18,NA
34,31,NA
34,34,NA
34,58,NA
34,62,NA
32,31,NA
32,34,NA
32,50,NA
32,52,NA
32,65,NA
32,67,NA
32,72,NA
32,81,NA
32,83,NA
32,104,NA
32,114,NA
32,115,NA
32,130,NA
32,135,NA
32,136,NA
32,137,NA
32,148,NA
32,154,NA
32,161,NA
32,162,NA
32,170,NA
32,176,NA
32,185,NA
32,212,NA
32,222,NA
32,231,NA
32,238,NA
33,7,NA
33,90,NA
33,213,NA
35,23,NA
35,57,NA
35,63,NA
35,72,NA
35,104,NA
35,105,NA
35,122,NA
35,135,NA
35,179,NA
35,234,NA
35,242,NA
36,31,NA
36,57,NA
36,63,NA
36,78,NA
36,82,NA
36,88,NA
36,134,NA
36,208,NA
36,226,NA
38,78,NA
38,143,NA
40,6,NA
40,8,NA
40,57,NA
40,67,NA
40,68,NA
40,90,NA
40,91,NA
40,134,NA
40,203,NA
40,208,NA
40,218,NA
40,225,NA
42,31,NA
42,50,NA
42,65,NA
42,81,NA
42,115,NA
42,178,NA
51,4,NA
51,5,NA
51,6,NA
51,7,NA
51,8,NA
51,46,NA
51,52,NA
51,56,NA
51,57,NA
51,59,NA
51,60,NA
51,64,NA
51,65,NA
51,67,NA
51,68,NA
51,71,NA
51,77,NA
51,78,NA
51,80,NA
51,81,NA
51,85,NA
51,88,NA
51,91,NA
51,98,NA
51,104,NA
51,113,NA
51,115,NA
51,118,NA
51,119,NA
51,123,NA
51,125,NA
51,134,NA
51,136,NA
51,137,NA
51,140,NA
51,142,NA
51,154,NA
51,158,NA
51,162,NA
51,164,NA
51,165,NA
51,167,NA
51,169,NA
51,170,NA
51,173,NA
51,176,NA
51,177,NA
51,178,NA
51,179,NA
51,181,NA
51,189,NA
51,192,NA
51,196,NA
51,197,NA
51,205,NA
51,206,NA
51,207,NA
51,208,NA
51,211,NA
51,212,NA
51,213,NA
51,215,NA
51,231,NA
51,250,NA
43,42,NA
43,75,NA
44,104,NA
44,137,NA
45,12,NA
45,24,NA
45,37,NA
45,55,NA
45,59,NA
45,81,NA
45,85,NA
45,94,NA
45,98,NA
45,104,NA
45,105,NA
45,106,NA
45,118,NA
45,134,NA
45,135,NA
45,143,NA
45,154,NA
45,172,NA
45,174,NA
45,178,NA
45,186,NA
45,208,NA
45,218,NA
45,270,NA
46,18,NA
46,31,NA
46,59,NA
46,112,NA
47,18,NA
47,27,NA
47,34,NA
47,199,NA
47,228,NA
48,31,NA
48,46,NA
48,58,NA
48,59,NA
48,63,NA
48,88,NA
48,154,NA
48,178,NA
49,31,NA
49,81,NA
52,218,NA
53,31,NA
54,6,NA
54,12,NA
54,23,NA
54,26,NA
54,30,NA
54,34,NA
54,37,NA
54,38,NA
54,47,NA
54,53,NA
54,57,NA
54,60,NA
54,66,NA
54,76,NA
54,79,NA
54,85,NA
54,88,NA
54,91,NA
54,95,NA
54,96,NA
54,97,NA
54,99,NA
54,100,NA
54,101,NA
54,102,NA
54,104,NA
54,118,NA
54,134,NA
54,154,NA
54,166,NA
54,168,NA
54,198,NA
54,237,NA
54,238,NA
54,240,NA
55,88,NA
56,27,NA
56,34,NA
56,134,NA
57,88,NA
57,218,NA
58,6,NA
58,34,NA
58,105,NA
58,152,NA
59,7,NA
59,24,NA
59,31,NA
59,34,NA
59,52,NA
59,58,NA
59,62,NA
59,67,NA
59,115,NA
59,118,NA
60,46,NA
60,59,NA
60,134,NA
60,218,NA
60,237,NA
61,34,NA
61,46,NA
61,58,NA
61,59,NA
61,88,NA
61,118,NA
61,132,NA
61,152,NA
61,166,NA
61,168,NA
61,169,NA
61,178,NA
61,201,NA
61,208,NA
61,213,NA
61,222,NA
61,226,NA
61,238,NA
61,245,NA
63,88,NA
65,31,NA
65,34,NA
65,106,NA
65,118,NA
66,31,NA
66,58,NA
66,64,NA
66,65,NA
66,81,NA
67,7,NA
67,14,NA
67,28,NA
67,75,NA
67,78,NA
67,150,NA
67,184,NA
67,203,NA
67,206,NA
68,2,NA
68,226,NA
69,88,NA
69,91,NA
69,118,NA
70,65,NA
70,215,NA
70,224,NA
70,227,NA
71,81,NA
71,110,NA
71,178,NA
71,215,NA
140,34,NA
140,77,NA
140,90,NA
140,113,NA
140,161,NA
140,185,NA
140,206,NA
140,249,NA
72,4,NA
72,65,NA
72,68,NA
72,72,NA
72,88,NA
72,91,NA
72,203,NA
73,60,NA
73,76,NA
73,88,NA
73,134,NA
73,135,NA
73,150,NA
73,154,NA
73,208,NA
75,36,NA
75,51,NA
75,134,NA
75,234,NA
77,17,NA
77,67,NA
77,70,NA
77,75,NA
77,88,NA
77,92,NA
77,154,NA
77,162,NA
77,166,NA
78,81,NA
78,106,NA
78,134,NA
78,178,NA
79,63,NA
79,85,NA
79,203,NA
79,225,NA
80,88,NA
81,34,NA
81,88,NA
82,88,NA
83,16,NA
83,23,NA
83,31,NA
83,134,NA
83,135,NA
84,34,NA
85,168,NA
87,63,NA
89,23,NA
89,63,NA
89,88,NA
90,88,NA
90,174,NA
92,12,NA
93,8,NA
93,12,NA
93,14,NA
93,16,NA
93,23,NA
93,29,NA
93,31,NA
93,37,NA
93,58,NA
93,59,NA
93,78,NA
93,85,NA
93,88,NA
93,134,NA
93,154,NA
94,88,NA
94,154,NA
95,87,NA
95,134,NA
95,154,NA
95,174,NA
95,183,NA
95,191,NA
96,78,NA
97,23,NA
97,31,NA
97,88,NA
98,88,NA
99,5,NA
99,6,NA
99,7,NA
99,8,NA
99,24,NA
99,31,NA
99,39,NA
99,42,NA
99,46,NA
99,50,NA
99,54,NA
99,57,NA
99,58,NA
99,59,NA
99,60,NA
99,68,NA
99,78,NA
99,81,NA
99,85,NA
99,89,NA
99,90,NA
99,91,NA
99,98,NA
99,104,NA
99,105,NA
99,130,NA
99,131,NA
99,135,NA
99,141,NA
99,144,NA
99,152,NA
99,160,NA
99,169,NA
99,173,NA
99,177,NA
99,178,NA
99,194,NA
99,201,NA
99,202,NA
99,203,NA
99,219,NA
99,228,NA
99,234,NA
99,244,NA
99,248,NA
99,250,NA
100,31,NA
100,85,NA
100,125,NA
100,168,NA
100,242,NA
101,34,NA
101,106,NA
101,206,NA
103,177,NA
104,31,NA
104,62,NA
104,167,NA
104,236,NA
105,81,NA
105,86,NA
105,168,NA
105,218,NA
105,263,NA
106,79,NA
106,82,NA
106,134,NA
106,154,NA
107,31,NA
107,58,NA
107,59,NA
107,77,NA
107,78,NA
107,88,NA
107,106,NA
107,149,NA
107,151,NA
107,176,NA
107,178,NA
107,186,NA
107,249,NA
108,7,NA
108,36,NA
108,39,NA
108,72,NA
108,75,NA
108,104,NA
113,34,NA
115,56,NA
115,60,NA
115,64,NA
115,71,NA
115,75,NA
115,77,NA
115,78,NA
115,88,NA
115,104,NA
115,106,NA
115,113,NA
115,114,NA
115,115,NA
115,134,NA
115,137,NA
115,154,NA
115,157,NA
115,206,NA
115,208,NA
115,214,NA
115,216,NA
115,226,NA
115,238,NA
115,258,NA
115,260,NA
117,88,NA
117,112,NA
117,178,NA
119,2,NA
119,7,NA
119,30,NA
119,31,NA
119,79,NA
119,184,NA
119,196,NA
120,4,NA
120,7,NA
120,17,NA
120,23,NA
120,28,NA
120,39,NA
120,60,NA
120,61,NA
120,64,NA
120,75,NA
120,77,NA
120,78,NA
120,81,NA
120,87,NA
120,88,NA
120,92,NA
120,109,NA
120,111,NA
120,118,NA
120,129,NA
120,133,NA
120,135,NA
120,144,NA
120,147,NA
120,154,NA
120,160,NA
120,162,NA
120,168,NA
120,173,NA
120,178,NA
120,179,NA
120,208,NA
120,214,NA
120,216,NA
120,218,NA
120,263,NA
122,5,NA
122,6,NA
122,7,NA
122,8,NA
122,30,NA
122,37,NA
122,82,NA
122,108,NA
122,209,NA
123,77,NA
123,94,NA
123,95,NA
123,106,NA
123,213,NA
124,125,NA
124,165,NA
124,176,NA
124,208,NA
124,222,NA
124,224,NA
125,24,NA
126,42,NA
126,81,NA
126,178,NA
126,211,NA
128,72,NA
128,160,NA
130,61,NA
131,24,NA
133,75,NA
133,77,NA
133,92,NA
133,135,NA
133,137,NA
133,214,NA
133,226,NA
134,31,NA
134,88,NA
136,88,NA
137,34,NA
137,89,NA
137,143,NA
137,155,NA
137,207,NA
197,31,NA
197,73,NA
197,174,NA
138,9,NA
138,17,NA
138,88,NA
138,114,NA
138,119,NA
138,120,NA
138,226,NA
139,18,NA
139,24,NA
139,34,NA
139,88,NA
139,91,NA
139,170,NA
139,192,NA
139,213,NA
141,24,NA
141,62,NA
141,119,NA
141,203,NA
142,88,NA
144,104,NA
198,5,NA
198,64,NA
198,77,NA
198,88,NA
198,206,NA
198,215,NA
198,224,NA
146,34,NA
308,4,NA
308,7,NA
308,18,NA
308,62,NA
308,65,NA
308,68,NA
308,113,NA
308,116,NA
308,134,NA
308,136,NA
308,140,NA
308,187,NA
308,195,NA
308,205,NA
308,206,NA
308,220,NA
308,226,NA
308,260,NA
147,34,NA
149,4,NA
149,31,NA
149,60,NA
149,62,NA
149,78,NA
149,81,NA
149,88,NA
149,104,NA
149,114,NA
149,134,NA
149,137,NA
149,146,NA
149,154,NA
149,157,NA
149,158,NA
149,159,NA
149,161,NA
149,178,NA
149,179,NA
149,208,NA
150,6,NA
150,31,NA
150,58,NA
152,58,NA
152,88,NA
152,134,NA
152,226,NA
154,6,NA
156,87,NA
157,31,NA
158,31,NA
159,5,NA
159,135,NA
162,31,NA
164,6,NA
165,72,NA
166,5,NA
166,6,NA
166,57,NA
166,85,NA
168,2,NA
168,5,NA
168,30,NA
168,37,NA
168,52,NA
168,57,NA
168,67,NA
168,73,NA
168,81,NA
168,95,NA
168,106,NA
168,134,NA
168,170,NA
168,174,NA
168,178,NA
168,181,NA
168,204,NA
168,206,NA
168,211,NA
168,216,NA
168,244,NA
170,64,NA
170,208,NA
170,238,NA
171,7,NA
171,87,NA
171,229,NA
172,78,NA
174,152,NA
174,202,NA
174,225,NA
176,6,NA
176,14,NA
176,149,NA
176,164,NA
176,208,NA
177,63,NA
177,135,NA
177,178,NA
178,64,NA
178,81,NA
178,91,NA
178,179,NA
179,78,NA
181,225,NA
181,258,NA
181,260,NA
181,265,NA
181,266,NA
182,12,NA
182,41,NA
182,174,NA
184,16,NA
184,23,NA
184,59,NA
184,94,NA
185,7,NA
185,98,NA
185,153,NA
185,177,NA
189,14,NA
190,31,NA
190,113,NA
190,137,NA
192,50,NA
192,258,NA
196,24,NA
200,12,NA
200,31,NA
200,59,NA
200,60,NA
200,72,NA
200,83,NA
200,152,NA
200,154,NA
201,18,NA
201,31,NA
201,81,NA
201,178,NA
203,88,NA
203,148,NA
203,226,NA
203,238,NA
204,34,NA
204,50,NA
204,67,NA
204,176,NA
204,181,NA
204,208,NA
204,227,NA
206,31,NA
206,65,NA
206,216,NA
246,7,NA
246,24,NA
246,50,NA
246,72,NA
246,88,NA
246,118,NA
246,130,NA
246,203,NA
207,215,NA
208,13,NA
208,18,NA
208,24,NA
208,31,NA
208,34,NA
208,39,NA
208,50,NA
208,65,NA
208,80,NA
208,98,NA
208,104,NA
208,134,NA
208,154,NA
208,160,NA
208,168,NA
208,177,NA
208,208,NA
208,227,NA
209,28,NA
209,39,NA
209,65,NA
209,75,NA
209,230,NA
211,7,NA
211,24,NA
211,34,NA
211,50,NA
211,80,NA
211,81,NA
211,91,NA
211,130,NA
211,136,NA
211,149,NA
211,176,NA
211,222,NA
211,231,NA
211,241,NA
212,5,NA
212,7,NA
212,8,NA
212,10,NA
212,23,NA
212,31,NA
212,38,NA
212,43,NA
212,47,NA
212,57,NA
212,73,NA
212,81,NA
212,83,NA
212,88,NA
212,89,NA
212,94,NA
212,99,NA
212,100,NA
212,134,NA
212,174,NA
212,178,NA
212,180,NA
213,249,NA
214,62,NA
215,88,NA
215,125,NA
215,126,NA
215,222,NA
216,7,NA
216,8,NA
216,30,NA
216,102,NA
217,31,NA
217,34,NA
217,72,NA
217,112,NA
219,12,NA
220,30,NA
220,76,NA
220,81,NA
220,143,NA
220,152,NA
220,184,NA
220,208,NA
220,213,NA
221,12,NA
221,178,NA
221,237,NA
223,81,NA
223,176,NA
224,58,NA
224,59,NA
225,134,NA
225,178,NA
225,216,NA
226,65,NA
228,30,NA
228,47,NA
228,58,NA
228,65,NA
228,94,NA
228,134,NA
228,154,NA
228,265,NA
229,16,NA
229,58,NA
229,76,NA
229,88,NA
229,134,NA
229,135,NA
229,154,NA
229,208,NA
230,7,NA
230,12,NA
230,30,NA
230,47,NA
230,59,NA
230,63,NA
230,76,NA
230,104,NA
230,150,NA
230,168,NA
230,174,NA
230,187,NA
230,198,NA
230,204,NA
230,207,NA
230,223,NA
230,225,NA
231,5,NA
231,6,NA
231,7,NA
231,8,NA
231,46,NA
231,57,NA
231,59,NA
231,76,NA
231,77,NA
231,85,NA
231,88,NA
231,106,NA
231,134,NA
231,154,NA
231,168,NA
231,179,NA
231,198,NA
231,215,NA
231,225,NA
231,237,NA
231,240,NA
231,265,NA
233,76,NA
233,85,NA
233,174,NA
233,233,NA
237,37,NA
237,79,NA
237,111,NA
237,169,NA
237,233,NA
238,4,NA
238,7,NA
238,17,NA
238,65,NA
238,78,NA
238,80,NA
238,83,NA
238,113,NA
238,123,NA
238,125,NA
238,134,NA
238,136,NA
238,137,NA
238,156,NA
238,157,NA
238,168,NA
238,171,NA
238,175,NA
238,186,NA
238,189,NA
238,190,NA
238,230,NA
240,2,NA
240,5,NA
240,47,NA
240,63,NA
240,73,NA
240,81,NA
240,91,NA
240,135,NA
240,174,NA
241,5,NA
241,7,NA
241,8,NA
241,46,NA
241,54,NA
241,65,NA
241,67,NA
241,72,NA
241,87,NA
241,90,NA
241,91,NA
241,118,NA
241,153,NA
241,178,NA
241,180,NA
241,208,NA
241,213,NA
241,218,NA
241,225,NA
241,238,NA
242,134,NA
243,134,NA
243,236,NA
244,58,NA
247,6,NA
247,7,NA
247,12,NA
247,73,NA
249,37,NA
249,58,NA
251,206,NA
251,212,NA
251,221,NA
253,75,NA
253,216,NA
254,52,NA
254,114,NA
254,118,NA
255,113,NA
255,136,NA
255,148,NA
255,182,NA
255,189,NA
255,190,NA
255,192,NA
256,203,NA
258,51,NA
258,61,NA
258,75,NA
258,92,NA
258,160,NA
258,170,NA
258,178,NA
258,183,NA
258,216,NA
258,221,NA
259,88,NA
263,29,NA
263,66,NA
263,75,NA
263,114,NA
263,137,NA
263,150,NA
263,198,NA
263,230,NA
260,18,NA
260,172,NA
261,7,NA
261,54,NA
261,65,NA
261,115,NA
261,117,NA
261,206,NA
264,62,NA
265,5,NA
265,37,NA
265,47,NA
265,64,NA
265,77,NA
265,78,NA
265,79,NA
265,80,NA
265,85,NA
265,88,NA
265,106,NA
265,134,NA
265,150,NA
265,154,NA
265,177,NA
265,178,NA
265,198,NA
265,204,NA
265,214,NA
265,218,NA
266,167,NA
266,188,NA
266,212,NA
266,215,NA
266,217,NA
267,5,NA
267,55,NA
267,122,NA
267,124,NA
267,204,NA
268,7,NA
268,31,NA
268,34,NA
268,67,NA
268,77,NA
268,91,NA
268,135,NA
268,154,NA
269,119,NA
270,178,NA
271,88,NA
272,88,NA
272,226,NA
272,241,NA
274,62,NA
274,63,NA
274,178,NA
275,37,NA
275,46,NA
275,73,NA
276,6,NA
276,8,NA
276,46,NA
276,52,NA
276,56,NA
276,60,NA
276,63,NA
276,65,NA
276,67,NA
276,71,NA
276,80,NA
276,91,NA
276,105,NA
276,112,NA
276,113,NA
276,115,NA
276,122,NA
276,130,NA
276,134,NA
276,136,NA
276,148,NA
276,169,NA
276,172,NA
276,189,NA
276,190,NA
276,213,NA
276,214,NA
276,230,NA
276,234,NA
278,7,NA
278,67,NA
278,77,NA
278,87,NA
278,137,NA
278,144,NA
278,179,NA
278,196,NA
278,213,NA
278,226,NA
279,4,NA
279,24,NA
279,31,NA
279,52,NA
279,60,NA
279,64,NA
279,65,NA
279,72,NA
279,77,NA
279,78,NA
279,81,NA
279,88,NA
279,91,NA
279,115,NA
279,118,NA
279,135,NA
279,137,NA
279,166,NA
279,170,NA
279,185,NA
279,207,NA
279,208,NA
279,226,NA
279,258,NA
280,7,NA
280,62,NA
280,77,NA
280,86,NA
280,203,NA
280,208,NA
280,222,NA
280,249,NA
282,18,NA
282,31,NA
282,34,NA
282,58,NA
282,62,NA
282,78,NA
282,88,NA
282,259,NA
282,273,NA
283,67,NA
283,88,NA
283,115,NA
283,156,NA
285,18,NA
285,67,NA
285,75,NA
287,236,NA
287,276,NA
288,24,NA
288,62,NA
288,98,NA
288,202,NA
288,206,NA
288,213,NA
453,7,NA
453,26,NA
453,54,NA
453,62,NA
453,72,NA
453,91,NA
453,94,NA
453,114,NA
453,146,NA
453,168,NA
453,170,NA
453,229,NA
290,17,NA
290,81,NA
290,134,NA
290,178,NA
290,203,NA
292,2,NA
292,8,NA
292,9,NA
292,14,NA
292,17,NA
292,25,NA
292,30,NA
292,34,NA
292,43,NA
292,47,NA
292,49,NA
292,60,NA
292,73,NA
292,87,NA
292,91,NA
292,107,NA
292,119,NA
292,130,NA
292,141,NA
292,174,NA
292,197,NA
292,198,NA
292,204,NA
294,8,NA
294,31,NA
294,81,NA
294,178,NA
295,31,NA
295,65,NA
295,91,NA
295,130,NA
297,60,NA
297,65,NA
297,67,NA
297,98,NA
297,104,NA
297,134,NA
297,252,NA
299,9,NA
299,47,NA
299,59,NA
299,63,NA
299,118,NA
299,162,NA
299,163,NA
299,168,NA
299,174,NA
299,183,NA
299,213,NA
299,216,NA
299,225,NA
299,229,NA
299,262,NA
299,263,NA
299,271,NA
300,88,NA
300,215,NA
301,31,NA
301,88,NA
301,118,NA
303,7,NA
303,8,NA
303,12,NA
303,39,NA
303,43,NA
303,72,NA
303,76,NA
303,81,NA
303,106,NA
303,125,NA
303,127,NA
303,133,NA
303,134,NA
303,156,NA
303,166,NA
303,171,NA
303,176,NA
303,178,NA
303,203,NA
303,207,NA
303,212,NA
303,222,NA
303,225,NA
303,232,NA
303,237,NA
303,252,NA
304,144,NA
304,152,NA
304,166,NA
304,242,NA
305,81,NA
305,172,NA
305,178,NA
306,88,NA
306,93,NA
306,189,NA
307,7,NA
307,12,NA
307,65,NA
307,72,NA
307,112,NA
309,8,NA
309,80,NA
309,126,NA
309,134,NA
309,153,NA
309,154,NA
309,169,NA
309,196,NA
309,197,NA
309,203,NA
309,208,NA
309,214,NA
309,238,NA
310,37,NA
310,78,NA
310,81,NA
310,172,NA
310,178,NA
474,88,NA
474,195,NA
474,224,NA
474,271,NA
311,5,NA
311,6,NA
311,7,NA
311,24,NA
311,30,NA
311,38,NA
311,41,NA
311,46,NA
311,52,NA
311,59,NA
311,60,NA
311,63,NA
311,64,NA
311,67,NA
311,76,NA
311,78,NA
311,81,NA
311,87,NA
311,88,NA
311,89,NA
311,94,NA
311,106,NA
311,109,NA
311,111,NA
311,115,NA
311,118,NA
311,135,NA
311,154,NA
311,159,NA
311,174,NA
311,196,NA
311,197,NA
311,198,NA
311,201,NA
311,203,NA
311,209,NA
311,234,NA
311,250,NA
313,16,NA
313,65,NA
313,75,NA
313,78,NA
313,118,NA
313,136,NA
313,206,NA
313,208,NA
313,238,NA
314,9,NA
314,17,NA
314,47,NA
314,75,NA
314,90,NA
314,114,NA
314,120,NA
314,137,NA
314,157,NA
314,161,NA
314,162,NA
317,58,NA
317,87,NA
318,24,NA
318,65,NA
318,88,NA
318,168,NA
318,208,NA
318,252,NA
318,258,NA
318,260,NA
318,263,NA
319,4,NA
319,77,NA
319,106,NA
320,24,NA
322,81,NA
322,180,NA
323,16,NA
323,88,NA
323,112,NA
323,238,NA
325,72,NA
325,222,NA
325,234,NA
328,7,NA
328,11,NA
328,17,NA
328,18,NA
328,51,NA
328,87,NA
328,272,NA
331,34,NA
331,47,NA
331,60,NA
331,62,NA
331,64,NA
331,67,NA
331,77,NA
331,80,NA
331,104,NA
331,106,NA
331,107,NA
331,115,NA
331,142,NA
331,154,NA
331,165,NA
331,174,NA
331,175,NA
331,185,NA
331,191,NA
331,192,NA
331,202,NA
331,205,NA
331,214,NA
331,220,NA
331,222,NA
331,224,NA
331,226,NA
331,249,NA
331,262,NA
333,37,NA
339,6,NA
339,7,NA
339,8,NA
339,34,NA
339,58,NA
339,76,NA
339,87,NA
339,104,NA
339,114,NA
339,136,NA
339,154,NA
339,161,NA
339,263,NA
341,23,NA
341,38,NA
341,76,NA
341,78,NA
341,79,NA
341,81,NA
341,88,NA
341,154,NA
342,81,NA
342,255,NA
344,24,NA
344,50,NA
344,88,NA
344,106,NA
350,5,NA
350,17,NA
350,19,NA
350,21,NA
350,22,NA
350,63,NA
350,81,NA
350,85,NA
350,106,NA
350,118,NA
350,123,NA
350,136,NA
350,152,NA
350,154,NA
350,155,NA
350,169,NA
350,208,NA
347,9,NA
347,37,NA
347,47,NA
347,63,NA
348,38,NA
348,169,NA
351,16,NA
351,77,NA
351,116,NA
351,117,NA
351,126,NA
351,149,NA
351,164,NA
351,178,NA
351,208,NA
351,224,NA
351,226,NA
351,242,NA
351,255,NA
351,256,NA
351,257,NA
352,7,NA
352,50,NA
352,54,NA
352,80,NA
352,88,NA
352,104,NA
352,106,NA
352,110,NA
352,114,NA
352,121,NA
352,122,NA
352,144,NA
352,145,NA
352,146,NA
352,154,NA
352,159,NA
352,163,NA
352,169,NA
352,170,NA
352,176,NA
352,185,NA
352,191,NA
352,212,NA
352,213,NA
352,214,NA
352,218,NA
352,219,NA
352,221,NA
352,222,NA
352,224,NA
352,226,NA
352,227,NA
352,229,NA
352,231,NA
353,40,NA
353,65,NA
353,79,NA
353,112,NA
354,16,NA
354,37,NA
354,85,NA
354,98,NA
354,129,NA
354,179,NA
354,263,NA
355,87,NA
355,125,NA
355,170,NA
355,172,NA
355,257,NA
355,259,NA
360,149,NA
361,7,NA
364,18,NA
364,24,NA
364,34,NA
364,62,NA
364,78,NA
364,104,NA
364,118,NA
364,203,NA
365,63,NA
365,88,NA
365,94,NA
366,7,NA
366,34,NA
366,60,NA
366,78,NA
366,125,NA
366,137,NA
366,152,NA
366,167,NA
366,170,NA
366,215,NA
367,7,NA
367,24,NA
367,31,NA
367,34,NA
367,65,NA
367,68,NA
367,72,NA
367,113,NA
367,115,NA
367,135,NA
367,136,NA
367,137,NA
367,154,NA
367,158,NA
367,172,NA
367,178,NA
367,215,NA
367,216,NA
367,234,NA
367,238,NA
368,18,NA
368,22,NA
368,27,NA
368,28,NA
368,35,NA
368,36,NA
368,44,NA
368,45,NA
368,81,NA
368,84,NA
368,89,NA
368,90,NA
368,112,NA
368,143,NA
368,155,NA
368,178,NA
368,216,NA
370,12,NA
370,14,NA
370,39,NA
370,41,NA
370,76,NA
370,104,NA
370,249,NA
370,265,NA
371,27,NA
372,134,NA
372,238,NA
372,262,NA
373,57,NA
373,114,NA
373,125,NA
373,178,NA
373,226,NA
375,67,NA
375,106,NA
377,7,NA
377,18,NA
377,31,NA
377,50,NA
377,78,NA
377,104,NA
377,114,NA
377,116,NA
377,117,NA
377,118,NA
377,130,NA
377,135,NA
377,154,NA
377,215,NA
377,219,NA
378,28,NA
379,113,NA
379,148,NA
379,151,NA
379,158,NA
379,187,NA
380,7,NA
380,34,NA
380,59,NA
380,65,NA
380,68,NA
380,88,NA
380,104,NA
380,113,NA
380,114,NA
380,136,NA
380,164,NA
380,176,NA
380,189,NA
380,192,NA
380,206,NA
380,213,NA
380,215,NA
380,238,NA
381,46,NA
381,67,NA
381,88,NA
381,91,NA
381,130,NA
381,131,NA
381,141,NA
382,18,NA
382,31,NA
382,72,NA
382,88,NA
383,7,NA
383,78,NA
383,87,NA
383,88,NA
383,106,NA
384,34,NA
384,59,NA
402,5,NA
402,12,NA
402,30,NA
402,37,NA
402,58,NA
402,68,NA
402,79,NA
402,91,NA
402,101,NA
402,166,NA
402,184,NA
402,196,NA
402,197,NA
386,62,NA
386,106,NA
386,134,NA
387,18,NA
387,34,NA
387,91,NA
387,215,NA
388,46,NA
388,94,NA
388,178,NA
390,4,NA
390,6,NA
390,8,NA
390,23,NA
390,31,NA
390,55,NA
390,59,NA
390,65,NA
390,76,NA
390,150,NA
390,154,NA
390,204,NA
390,208,NA
390,218,NA
390,219,NA
390,220,NA
390,225,NA
390,233,NA
390,249,NA
390,275,NA
391,3,NA
391,166,NA
392,34,NA
392,50,NA
392,65,NA
392,87,NA
392,104,NA
392,121,NA
392,183,NA
392,203,NA
392,229,NA
392,234,NA
392,238,NA
396,38,NA
396,41,NA
396,50,NA
396,81,NA
396,84,NA
396,92,NA
396,134,NA
396,143,NA
396,155,NA
396,176,NA
396,213,NA
396,229,NA
397,31,NA
397,215,NA
398,31,NA
399,6,NA
399,78,NA
399,188,NA
399,206,NA
399,260,NA
399,270,NA
400,105,NA
400,106,NA
400,149,NA
400,165,NA
400,187,NA
400,219,NA
401,34,NA
401,104,NA
403,34,NA
403,65,NA
403,81,NA
403,155,NA
404,4,NA
404,31,NA
404,58,NA
404,91,NA
404,115,NA
404,130,NA
404,134,NA
404,154,NA
404,157,NA
404,175,NA
404,181,NA
404,185,NA
404,212,NA
404,213,NA
404,214,NA
404,220,NA
404,263,NA
405,5,NA
405,7,NA
405,12,NA
405,15,NA
405,18,NA
405,26,NA
405,27,NA
405,28,NA
405,31,NA
405,36,NA
405,42,NA
405,44,NA
405,58,NA
405,70,NA
405,75,NA
405,78,NA
405,89,NA
405,92,NA
405,104,NA
405,114,NA
405,118,NA
405,130,NA
405,131,NA
405,133,NA
405,135,NA
405,141,NA
405,147,NA
405,152,NA
405,160,NA
405,162,NA
405,184,NA
405,203,NA
405,210,NA
405,214,NA
405,216,NA
405,219,NA
405,226,NA
405,233,NA
405,237,NA
405,238,NA
405,245,NA
405,250,NA
405,252,NA
406,63,NA
406,68,NA
406,88,NA
406,112,NA
406,116,NA
406,153,NA
406,167,NA
406,238,NA
407,7,NA
407,47,NA
407,85,NA
407,94,NA
407,106,NA
407,135,NA
407,152,NA
407,188,NA
407,208,NA
407,216,NA
408,4,NA
408,5,NA
408,6,NA
408,16,NA
408,47,NA
408,50,NA
408,55,NA
408,66,NA
408,88,NA
408,135,NA
408,174,NA
408,188,NA
408,198,NA
408,238,NA
409,2,NA
409,60,NA
409,63,NA
409,64,NA
409,69,NA
409,73,NA
409,78,NA
409,88,NA
409,206,NA
409,213,NA
409,230,NA
409,270,NA
409,273,NA
410,4,NA
410,9,NA
410,17,NA
410,24,NA
410,60,NA
410,64,NA
410,72,NA
410,77,NA
410,78,NA
410,88,NA
410,106,NA
410,119,NA
410,135,NA
410,154,NA
410,162,NA
410,179,NA
410,220,NA
410,234,NA
411,18,NA
412,2,NA
412,54,NA
412,73,NA
412,107,NA
412,169,NA
412,265,NA
463,31,NA
463,60,NA
463,64,NA
463,67,NA
463,68,NA
463,72,NA
463,88,NA
463,113,NA
463,115,NA
463,123,NA
463,130,NA
463,154,NA
463,170,NA
463,179,NA
463,216,NA
463,219,NA
463,220,NA
463,234,NA
463,238,NA
463,245,NA
463,249,NA
413,24,NA
413,70,NA
413,75,NA
413,92,NA
413,129,NA
413,133,NA
413,144,NA
413,178,NA
413,238,NA
413,270,NA
414,6,NA
414,31,NA
414,63,NA
416,34,NA
416,62,NA
416,64,NA
416,78,NA
416,88,NA
416,117,NA
416,154,NA
416,183,NA
416,192,NA
416,205,NA
416,214,NA
416,222,NA
416,258,NA
417,12,NA
417,24,NA
417,152,NA
417,169,NA
419,7,NA
420,58,NA
420,79,NA
420,108,NA
420,234,NA
421,24,NA
421,58,NA
421,77,NA
421,88,NA
421,91,NA
421,122,NA
421,186,NA
421,244,NA
422,122,NA
424,18,NA
424,27,NA
424,75,NA
424,81,NA
424,94,NA
427,134,NA
428,7,NA
428,8,NA
428,12,NA
428,23,NA
428,37,NA
428,47,NA
428,50,NA
428,88,NA
428,135,NA
428,154,NA
428,174,NA
428,177,NA
428,191,NA
428,198,NA
428,208,NA
428,213,NA
428,215,NA
428,218,NA
428,242,NA
428,262,NA
429,94,NA
429,134,NA
429,135,NA
431,34,NA
431,106,NA
432,18,NA
432,27,NA
432,31,NA
432,34,NA
432,60,NA
432,62,NA
432,78,NA
432,104,NA
432,118,NA
433,7,NA
433,46,NA
433,63,NA
433,64,NA
433,65,NA
433,81,NA
433,153,NA
433,173,NA
450,8,NA
450,12,NA
450,30,NA
450,31,NA
450,37,NA
450,58,NA
450,59,NA
450,63,NA
450,76,NA
450,79,NA
450,86,NA
450,94,NA
450,95,NA
450,99,NA
450,100,NA
450,126,NA
450,134,NA
450,150,NA
450,174,NA
450,184,NA
450,198,NA
450,203,NA
450,209,NA
450,220,NA
450,226,NA
450,239,NA
450,240,NA
434,31,NA
434,58,NA
434,59,NA
434,68,NA
434,71,NA
434,81,NA
434,105,NA
434,106,NA
434,115,NA
434,137,NA
434,152,NA
434,161,NA
434,178,NA
434,263,NA
435,12,NA
435,29,NA
435,53,NA
435,73,NA
435,79,NA
435,114,NA
435,134,NA
435,150,NA
435,224,NA
437,50,NA
437,65,NA
437,81,NA
437,88,NA
437,104,NA
437,213,NA
437,273,NA
439,63,NA
439,67,NA
439,88,NA
439,94,NA
439,106,NA
439,116,NA
439,118,NA
439,125,NA
439,134,NA
439,154,NA
439,170,NA
439,173,NA
439,181,NA
439,216,NA
439,220,NA
439,227,NA
439,231,NA
439,238,NA
439,262,NA
441,7,NA
441,31,NA
441,54,NA
441,58,NA
441,60,NA
441,67,NA
441,72,NA
441,88,NA
441,98,NA
441,134,NA
441,135,NA
442,16,NA
443,12,NA
443,16,NA
443,31,NA
443,58,NA
444,14,NA
445,12,NA
445,16,NA
445,31,NA
445,58,NA
447,5,NA
447,6,NA
447,46,NA
447,47,NA
447,52,NA
447,57,NA
447,58,NA
447,59,NA
447,63,NA
447,67,NA
447,85,NA
447,169,NA
447,174,NA
447,198,NA
448,34,NA
448,47,NA
448,56,NA
448,79,NA
448,81,NA
448,84,NA
448,88,NA
448,89,NA
448,115,NA
448,137,NA
448,143,NA
448,155,NA
448,161,NA
448,178,NA
448,230,NA
451,18,NA
451,24,NA
451,27,NA
451,34,NA
451,50,NA
451,60,NA
451,64,NA
451,65,NA
451,67,NA
451,68,NA
451,81,NA
451,88,NA
451,91,NA
451,98,NA
451,106,NA
451,142,NA
451,152,NA
451,154,NA
451,166,NA
451,178,NA
451,185,NA
451,208,NA
451,216,NA
451,234,NA
451,242,NA
452,24,NA
452,81,NA
452,175,NA
452,178,NA
452,188,NA
452,192,NA
454,54,NA
454,95,NA
456,125,NA
456,171,NA
456,175,NA
456,186,NA
456,206,NA
456,243,NA
457,59,NA
457,81,NA
457,87,NA
457,88,NA
457,178,NA
459,187,NA
460,7,NA
460,78,NA
460,80,NA
460,134,NA
460,145,NA
460,170,NA
460,208,NA
460,216,NA
461,6,NA
461,7,NA
461,31,NA
461,34,NA
461,58,NA
461,59,NA
461,62,NA
461,72,NA
461,122,NA
461,234,NA
462,18,NA
462,67,NA
462,78,NA
462,106,NA
462,117,NA
462,135,NA
464,17,NA
464,18,NA
464,24,NA
464,50,NA
464,54,NA
464,60,NA
464,67,NA
464,78,NA
464,80,NA
464,81,NA
464,86,NA
464,88,NA
464,91,NA
464,106,NA
464,118,NA
464,134,NA
464,136,NA
464,156,NA
464,162,NA
464,178,NA
464,179,NA
464,205,NA
464,206,NA
464,208,NA
464,220,NA
464,224,NA
464,226,NA
464,230,NA
464,249,NA
464,258,NA
464,260,NA
464,263,NA
464,264,NA
464,271,NA
466,30,NA
466,37,NA
466,46,NA
466,59,NA
466,63,NA
466,81,NA
466,89,NA
466,90,NA
466,135,NA
466,153,NA
466,178,NA
465,2,NA
465,6,NA
465,7,NA
465,8,NA
465,12,NA
465,23,NA
465,29,NA
465,30,NA
465,41,NA
465,43,NA
465,53,NA
465,57,NA
465,59,NA
465,65,NA
465,72,NA
465,79,NA
465,101,NA
465,108,NA
465,112,NA
465,134,NA
465,174,NA
465,179,NA
465,181,NA
465,183,NA
465,184,NA
465,187,NA
465,197,NA
465,198,NA
465,202,NA
465,210,NA
465,220,NA
465,226,NA
465,233,NA
465,251,NA
468,5,NA
468,6,NA
468,8,NA
468,30,NA
468,31,NA
468,38,NA
468,47,NA
468,57,NA
468,58,NA
468,59,NA
468,66,NA
468,150,NA
468,174,NA
468,198,NA
469,51,NA
469,80,NA
469,92,NA
469,127,NA
469,170,NA
469,181,NA
469,191,NA
469,208,NA
469,218,NA
471,4,NA
471,6,NA
471,7,NA
471,8,NA
471,12,NA
471,27,NA
471,28,NA
471,36,NA
471,39,NA
471,42,NA
471,52,NA
471,54,NA
471,57,NA
471,61,NA
471,63,NA
471,65,NA
471,67,NA
471,78,NA
471,81,NA
471,83,NA
471,91,NA
471,92,NA
471,101,NA
471,102,NA
471,106,NA
471,112,NA
471,116,NA
471,130,NA
471,134,NA
471,152,NA
471,154,NA
471,166,NA
471,168,NA
471,170,NA
471,177,NA
471,178,NA
471,203,NA
471,219,NA
471,228,NA
471,242,NA
471,252,NA
471,273,NA
472,42,NA
472,60,NA
472,75,NA
472,88,NA
472,106,NA
472,152,NA
472,154,NA
473,7,NA
473,38,NA
473,60,NA
473,64,NA
473,76,NA
473,78,NA
473,110,NA
476,5,NA
476,6,NA
476,9,NA
476,17,NA
476,26,NA
476,30,NA
476,38,NA
476,79,NA
476,81,NA
476,85,NA
476,104,NA
476,114,NA
476,118,NA
476,162,NA
476,201,NA
477,2,NA
477,18,NA
477,30,NA
477,36,NA
477,47,NA
477,61,NA
477,67,NA
477,75,NA
477,107,NA
477,134,NA
477,137,NA
477,208,NA
477,239,NA
477,240,NA
478,134,NA
479,7,NA
479,8,NA
479,12,NA
479,17,NA
479,30,NA
479,34,NA
479,37,NA
479,50,NA
479,55,NA
479,59,NA
479,67,NA
479,68,NA
479,76,NA
479,78,NA
479,81,NA
479,134,NA
479,154,NA
479,162,NA
479,178,NA
479,179,NA
479,209,NA
479,220,NA
479,265,NA
479,274,NA
480,34,NA
480,273,NA
481,24,NA
481,65,NA
481,72,NA
482,5,NA
482,8,NA
482,37,NA
482,41,NA
482,47,NA
482,57,NA
482,59,NA
482,63,NA
482,65,NA
482,81,NA
482,82,NA
482,89,NA
482,108,NA
482,134,NA
482,137,NA
482,150,NA
482,157,NA
482,174,NA
482,178,NA
482,184,NA
482,198,NA
482,203,NA
482,208,NA
482,225,NA
482,238,NA
482,239,NA
482,240,NA
482,263,NA
482,270,NA
483,6,NA
483,7,NA
483,8,NA
483,24,NA
483,31,NA
483,46,NA
483,47,NA
483,58,NA
483,59,NA
483,60,NA
483,64,NA
483,81,NA
483,88,NA
483,94,NA
483,115,NA
483,137,NA
483,140,NA
483,149,NA
483,150,NA
483,151,NA
483,152,NA
483,157,NA
483,170,NA
483,176,NA
483,178,NA
483,179,NA
483,192,NA
483,195,NA
483,205,NA
483,209,NA
483,215,NA
483,220,NA
483,230,NA
483,232,NA
483,244,NA
483,263,NA
485,78,NA
485,88,NA
487,5,NA
487,7,NA
487,8,NA
487,12,NA
487,14,NA
487,16,NA
487,18,NA
487,29,NA
487,31,NA
487,35,NA
487,37,NA
487,46,NA
487,50,NA
487,58,NA
487,62,NA
487,65,NA
487,66,NA
487,72,NA
487,76,NA
487,84,NA
487,90,NA
487,94,NA
487,105,NA
487,112,NA
487,149,NA
487,150,NA
487,169,NA
487,170,NA
487,178,NA
487,179,NA
487,216,NA
487,219,NA
487,224,NA
487,225,NA
487,226,NA
487,238,NA
487,271,NA
488,58,NA
488,62,NA
488,67,NA
488,178,NA
488,215,NA
489,31,NA
489,34,NA
489,58,NA
489,59,NA
489,60,NA
489,62,NA
489,64,NA
489,67,NA
489,68,NA
489,72,NA
489,78,NA
489,80,NA
489,87,NA
489,88,NA
489,91,NA
489,98,NA
489,104,NA
489,106,NA
489,116,NA
489,117,NA
489,118,NA
489,125,NA
489,134,NA
489,135,NA
489,140,NA
489,142,NA
489,144,NA
489,149,NA
489,151,NA
489,152,NA
489,154,NA
489,163,NA
489,165,NA
489,166,NA
489,167,NA
489,170,NA
489,172,NA
489,175,NA
489,186,NA
489,192,NA
489,202,NA
489,205,NA
489,206,NA
489,212,NA
489,215,NA
489,220,NA
489,229,NA
489,230,NA
490,30,NA
490,46,NA
490,56,NA
490,63,NA
490,67,NA
490,81,NA
490,137,NA
490,161,NA
490,182,NA
491,7,NA
491,18,NA
491,27,NA
491,34,NA
491,50,NA
491,54,NA
491,62,NA
491,134,NA
491,152,NA
491,168,NA
491,179,NA
491,181,NA
491,185,NA
491,208,NA
492,41,NA
492,47,NA
492,54,NA
492,67,NA
492,85,NA
492,88,NA
492,196,NA
492,204,NA
492,219,NA
492,233,NA
493,31,NA
493,34,NA
493,65,NA
493,98,NA
495,8,NA
495,204,NA
496,73,NA
496,75,NA
496,81,NA
496,107,NA
497,31,NA
498,50,NA
498,60,NA
498,91,NA
498,106,NA
498,206,NA
498,219,NA
500,113,NA
186,203,NA
